,spx_close,spx_50dma,spx_above_50dma,vix,turbulence,warning_threshold,extreme_threshold,regime,divergence,days_elevated
2024-01-11,543.811843033325,512.4763484179963,True,18.745586692433324,2.892937872185725,4.789580514780832,6.8319767101207995,HEALTHY,False,0.0
2024-01-12,551.6921253708564,513.6258728127266,True,17.91113825067823,3.3936406794168064,4.789580514780832,6.8319767101207995,HEALTHY,False,0.0
2024-01-15,553.1961572006431,514.8755548701299,True,17.21612950546687,4.879119518861229,4.789580514780832,6.8319767101207995,ELEVATED,True,1.0
2024-01-16,549.7773042230057,516.0773871894086,True,17.182802055787803,3.3893502380779963,4.789580514780832,6.8319767101207995,HEALTHY,False,0.0
2024-01-17,555.8571605549412,517.2537420308956,True,16.55589965543577,2.7629924074962453,4.789580514780832,6.8319767101207995,HEALTHY,False,0.0
2024-01-18,558.9022948845633,518.3874541779282,True,17.06939241421273,3.233363611033742,4.789580514780832,6.8319767101207995,HEALTHY,False,0.0
2024-01-19,566.5040173326244,519.5483956877572,True,16.44321716994574,3.1490669497916395,4.789580514780832,6.8319767101207995,HEALTHY,False,0.0
2024-01-22,560.1289565091786,520.4841281894838,True,16.888756434464838,3.2846126845504244,4.789580514780832,6.8319767101207995,HEALTHY,False,0.0
2024-01-23,558.9891776093632,521.4048411121942,True,17.26511893996733,3.0344728739382028,4.789580514780832,6.8319767101207995,HEALTHY,False,0.0
2024-01-24,566.8642906160777,522.5453568075592,True,17.66218001295176,4.824950040026921,4.789580514780832,6.8319767101207995,ELEVATED,True,1.0
2024-01-25,566.1386634433455,523.67074263667,True,16.46047923780122,3.2576070692737242,4.789580514780832,6.8319767101207995,HEALTHY,False,0.0
2024-01-26,565.8885478690094,524.7914086692012,True,16.499834240921835,2.984113207152693,4.789580514780832,6.8319767101207995,HEALTHY,False,0.0
2024-01-29,562.1525566959263,525.8588126290437,True,15.912963763964333,4.429507690470642,4.789580514780832,6.8319767101207995,HEALTHY,False,0.0
2024-01-30,558.5124899848728,526.7999116048595,True,14.905735995139489,4.287758995222092,4.789580514780832,6.8319767101207995,HEALTHY,False,0.0
2024-01-31,562.9125537673107,527.9531350727295,True,14.275665006569495,3.9210314705665885,4.789580514780832,6.8319767101207995,HEALTHY,False,0.0
2024-02-01,558.1818044202979,529.0290396594825,True,14.304050871829979,3.054652114076016,4.789580514780832,6.8319767101207995,HEALTHY,False,0.0
2024-02-02,561.8591448498937,530.1698479944303,True,14.109865369179794,3.3215799697286794,4.789580514780832,6.8319767101207995,HEALTHY,False,0.0
2024-02-05,555.8558493987936,531.2845730386391,True,13.810264998208464,3.786236463681635,4.789580514780832,6.8319767101207995,HEALTHY,False,0.0
2024-02-06,553.6000761899645,532.3845264858606,True,13.231990548481068,2.1811629214034185,4.789580514780832,6.8319767101207995,HEALTHY,False,0.0
2024-02-07,546.7362826305041,533.4361182690708,True,13.960408268126073,3.5322613122246533,4.789580514780832,6.8319767101207995,HEALTHY,False,0.0
2024-02-08,544.5297186621841,534.4527480115956,True,13.465965894522117,3.4284669688253673,4.789580514780832,6.8319767101207995,HEALTHY,False,0.0
2024-02-09,548.9394928500267,535.4513044984873,True,13.350337883557861,4.091226807751734,4.789580514780832,6.8319767101207995,HEALTHY,False,0.0
2024-02-12,550.901386514121,536.6430415021122,True,13.024477154398502,3.9478591820640894,4.789580514780832,6.8319767101207995,HEALTHY,False,0.0
2024-02-13,553.7543582024929,537.8924511992981,True,12.952140426115257,2.235498500325781,4.789580514780832,6.8319767101207995,HEALTHY,False,0.0
2024-02-14,550.0999287603104,538.9098502330381,True,13.087788504290462,2.8154804012466035,4.789580514780832,6.8319767101207995,HEALTHY,False,0.0
2024-02-15,554.6256994783839,539.983235486439,True,12.891158610011837,2.4890883450169974,4.789580514780832,6.8319767101207995,HEALTHY,False,0.0
2024-02-16,559.3191928985744,541.0617835709606,True,12.694836327900784,3.0059231949691125,4.789580514780832,6.8319767101207995,HEALTHY,False,0.0
2024-02-19,569.1562234862737,542.4194031589768,True,12.51540231147259,3.5401463856771067,4.789580514780832,6.8319767101207995,HEALTHY,False,0.0
2024-02-20,578.9636980025214,543.9554886071171,True,13.393350334500186,3.5892466039061266,4.789580514780832,6.8319767101207995,HEALTHY,False,0.0
2024-02-21,581.3223173785017,545.5369085154614,True,13.251296093481095,2.4623131441311314,4.789580514780832,6.8319767101207995,HEALTHY,False,0.0
2024-02-22,587.001586499068,547.2024575930056,True,13.060528216517982,4.252413592728256,4.789580514780832,6.8319767101207995,HEALTHY,False,0.0
2024-02-23,591.4798229028589,549.0508324236148,True,12.512332945134323,2.0715591243521536,4.789580514780832,6.8319767101207995,HEALTHY,False,0.0
2024-02-26,594.1860162475443,551.0528934817091,True,12.307094458265944,2.7200903018274203,4.789580514780832,6.8319767101207995,HEALTHY,False,0.0
2024-02-27,598.9573279208709,553.0567920528284,True,13.235565459340629,3.239898918115814,4.789580514780832,6.8319767101207995,HEALTHY,False,0.0
2024-02-28,596.427968991688,554.8044873817454,True,13.122517574215841,1.8230398288115415,4.789580514780832,6.8319767101207995,HEALTHY,False,0.0
2024-02-29,587.4307441690647,556.0371118288571,True,11.999017393551597,4.866897302963391,4.789580514780832,6.8319767101207995,ELEVATED,True,1.0
2024-03-01,579.5785848188984,557.0010493226702,True,12.356850463922074,3.2631199658667627,4.789580514780832,6.8319767101207995,HEALTHY,False,0.0
2024-03-04,582.7415197827562,557.9334009933276,True,12.959203333151027,2.3429191851771987,4.789580514780832,6.8319767101207995,HEALTHY,False,0.0
2024-03-05,585.7584408613275,558.9243130409122,True,12.75531385916302,4.1168842269107255,4.789580514780832,6.8319767101207995,HEALTHY,False,0.0
2024-03-06,583.255539951693,560.179827201995,True,13.914712027678872,2.9894255837606347,4.789580514780832,6.8319767101207995,HEALTHY,False,0.0
2024-03-07,579.7116542422003,561.1253261783436,True,14.041288010931854,3.147735738748393,4.789580514780832,6.8319767101207995,HEALTHY,False,0.0
2024-03-08,574.9812374419498,561.9501212098351,True,13.644976890015705,2.9733590207380263,4.789580514780832,6.8319767101207995,HEALTHY,False,0.0
2024-03-11,573.5947589321516,562.626510225321,True,13.248555198645978,3.0502977195859513,4.789580514780832,6.8319767101207995,HEALTHY,False,0.0
2024-03-12,578.0670493406554,563.4644128652202,True,13.053571214327427,3.523358557128923,4.789580514780832,6.8319767101207995,HEALTHY,False,0.0
2024-03-13,584.5585207947787,564.4634756850884,True,13.1927943283794,2.8182391537071996,4.789580514780832,6.8319767101207995,HEALTHY,False,0.0
2024-03-14,575.3601324517822,565.1477964586427,True,12.976538065066743,4.180190877906857,4.789580514780832,6.8319767101207995,HEALTHY,False,0.0
2024-03-15,575.8129633995619,565.7793446382043,True,12.591948952630679,2.417012915677475,4.789580514780832,6.8319767101207995,HEALTHY,False,0.0
2024-03-18,575.789053295623,566.4721682160656,True,12.739885027502773,3.199625065697786,4.789580514780832,6.8319767101207995,HEALTHY,False,0.0
2024-03-19,584.9489806192853,567.505348633564,True,12.385354624914372,3.0593886449511785,4.789580514780832,6.8319767101207995,HEALTHY,False,0.0
2024-03-20,583.9914153254742,568.4561326161424,True,12.9415933057216,2.0829982557599385,4.789580514780832,6.8319767101207995,HEALTHY,False,0.0
2024-03-21,580.6166614422992,569.1922289843219,True,13.721870121707386,2.7030037126769275,4.789580514780832,6.8319767101207995,HEALTHY,False,0.0
2024-03-22,588.3770735045715,569.9259279469961,True,13.193330662989778,3.8572623882340005,4.789580514780832,6.8319767101207995,HEALTHY,False,0.0
2024-03-25,585.1559532503442,570.5651238679902,True,13.959117297624145,4.5430300435093764,4.789580514780832,6.8319767101207995,HEALTHY,False,0.0
2024-03-26,573.3685569932223,571.0369489233946,True,13.934591667089938,4.569606683187409,4.789580514780832,6.8319767101207995,HEALTHY,False,0.0
2024-03-27,575.3887065061673,571.427579842419,True,13.40443894085848,2.3420940383020428,4.789580514780832,6.8319767101207995,HEALTHY,False,0.0
2024-03-28,582.7131800704412,571.9037975461366,True,13.484019169421483,4.204485484399595,4.789580514780832,6.8319767101207995,HEALTHY,False,0.0
2024-03-29,593.1022270621056,572.4357617407262,True,13.882190565533099,3.1128926036199775,4.789580514780832,6.8319767101207995,HEALTHY,False,0.0
2024-04-01,588.4150214863661,573.00148304027,True,14.005378435882566,4.495844112272378,4.789580514780832,6.8319767101207995,HEALTHY,False,0.0
2024-04-02,593.9125822978862,573.6999511340405,True,14.264591903489572,3.1785555566118067,4.789580514780832,6.8319767101207995,HEALTHY,False,0.0
2024-04-03,603.1805285893236,574.4262758935052,True,15.135917975731433,4.530384874969905,4.789580514780832,6.8319767101207995,HEALTHY,False,0.0
2024-04-04,599.2861898840495,575.0892264223195,True,14.77778977811522,5.083762774235101,4.789580514780832,6.8319767101207995,ELEVATED,True,1.0
2024-04-05,603.1115746972881,575.833686958885,True,14.693921177589226,2.720415432347763,4.789580514780832,6.8319767101207995,HEALTHY,False,0.0
2024-04-08,600.1970041978522,576.5945759089236,True,15.40890222311041,3.7740973851230253,4.789580514780832,6.8319767101207995,HEALTHY,False,0.0
2024-04-09,600.4815563523674,577.4339572362734,True,16.569861517247055,3.1460177398237708,4.789580514780832,6.8319767101207995,HEALTHY,False,0.0
2024-04-10,598.1922700460661,578.1395515618485,True,16.27089321458688,3.416804819355689,4.789580514780832,6.8319767101207995,HEALTHY,False,0.0
2024-04-11,598.6485057629305,578.9488855887012,True,15.130777470574193,3.6762119074212616,4.789580514780832,6.8319767101207995,HEALTHY,False,0.0
2024-04-12,596.6254779433094,579.6442122505696,True,15.183986939983944,2.4624203194587224,4.789580514780832,6.8319767101207995,HEALTHY,False,0.0
2024-04-15,597.4383387351014,580.4758620372957,True,14.312739391685357,3.347654525303,4.789580514780832,6.8319767101207995,HEALTHY,False,0.0
2024-04-16,586.5419452358366,581.1346994182131,True,15.381081392362669,3.9287884066622443,4.789580514780832,6.8319767101207995,HEALTHY,False,0.0
2024-04-17,585.7800837874867,581.9155754413528,True,14.488861685526722,3.4402619539142965,4.789580514780832,6.8319767101207995,HEALTHY,False,0.0
2024-04-18,594.0549594835095,582.9060802577792,True,14.346960264065109,2.6525681071974883,4.789580514780832,6.8319767101207995,HEALTHY,False,0.0
2024-04-19,599.8314306247399,583.9239190132736,True,14.314725170437995,2.677960895329002,4.789580514780832,6.8319767101207995,HEALTHY,False,0.0
2024-04-22,604.3500946116881,584.9928931752249,True,14.758412049040025,2.735012626646657,4.789580514780832,6.8319767101207995,HEALTHY,False,0.0
2024-04-23,606.4767083286453,586.0473401777479,True,15.588679930932244,3.394476468909461,4.789580514780832,6.8319767101207995,HEALTHY,False,0.0
2024-04-24,616.1556248973261,587.3684541004882,True,14.838722431588643,5.1227620621366405,4.789580514780832,6.8319767101207995,ELEVATED,True,1.0
2024-04-25,610.743971547924,588.490819541879,True,14.89002236722187,2.952564012901355,4.789580514780832,6.8319767101207995,HEALTHY,False,0.0
2024-04-26,610.9894351469436,589.5242243868464,True,14.877265943008359,2.720908548284354,4.789580514780832,6.8319767101207995,HEALTHY,False,0.0
2024-04-29,610.966596438185,590.3604318458847,True,14.787170091741224,4.047710665774521,4.789580514780832,6.8319767101207995,HEALTHY,False,0.0
2024-04-30,596.6630327558282,590.7144185409508,True,14.450934032759784,5.640766603442833,4.789580514780832,6.8319767101207995,ELEVATED,True,1.0
2024-05-01,598.7987727965908,591.0639476493126,True,14.155892497260302,5.489748382213419,4.789580514780832,6.8319767101207995,ELEVATED,True,2.0
2024-05-02,605.1620840463338,591.4271576002578,True,14.217864189149939,3.5779451203792,4.789580514780832,6.8319767101207995,HEALTHY,False,0.0
2024-05-03,605.5999624278585,591.7095603907579,True,15.00610531378868,2.982544719852134,4.789580514780832,6.8319767101207995,HEALTHY,False,0.0
2024-05-06,604.349796446663,591.9128359947402,True,15.772570648447571,2.399199452726188,4.789580514780832,6.8319767101207995,HEALTHY,False,0.0
2024-05-07,597.1746956896224,591.8771833501153,True,14.310628386458813,2.694910039660137,4.789580514780832,6.8319767101207995,HEALTHY,False,0.0
2024-05-08,597.126227398709,591.8911485182557,True,14.082525166898277,4.101648578167355,4.789580514780832,6.8319767101207995,HEALTHY,False,0.0
2024-05-09,591.5717308229797,591.973968251334,False,13.584279016664803,3.650896781062463,4.789580514780832,6.8319767101207995,HEALTHY,False,0.0
2024-05-10,593.0425871520465,592.243248297997,True,14.769823003391812,2.099214606190415,4.789580514780832,6.8319767101207995,HEALTHY,False,0.0
2024-05-13,593.6501329061689,592.4614205604652,True,15.69410906852159,3.927674115571469,4.789580514780832,6.8319767101207995,HEALTHY,False,0.0
2024-05-14,590.2216181267819,592.5506841057744,False,14.898254824181478,3.4997975486467072,4.789580514780832,6.8319767101207995,HEALTHY,False,0.0
2024-05-15,586.149327868557,592.6085598641116,False,15.229671460657244,3.650914850615879,4.789580514780832,6.8319767101207995,HEALTHY,False,0.0
2024-05-16,583.7651270150043,592.6896293195676,False,15.742418063614245,3.808085661057929,4.789580514780832,6.8319767101207995,HEALTHY,False,0.0
2024-05-17,586.7644308657681,592.9252931880441,False,15.497576012932168,3.1024888758602374,4.789580514780832,6.8319767101207995,HEALTHY,False,0.0
2024-05-20,585.1900152996766,593.1571983153945,False,15.793592780954247,2.9656759394306147,4.789580514780832,6.8319767101207995,HEALTHY,False,0.0
2024-05-21,583.0257451769668,593.2563722321207,False,16.53913410664323,3.4054200654771476,4.789580514780832,6.8319767101207995,HEALTHY,False,0.0
2024-05-22,570.2659141401622,592.9705200990285,False,16.966999016499713,3.5109315707611244,4.789580514780832,6.8319767101207995,HEALTHY,False,0.0
2024-05-23,565.7327323423422,592.7779720968396,False,16.76403200880136,2.4648890562051577,4.789580514780832,6.8319767101207995,HEALTHY,False,0.0
2024-05-24,560.310938726208,592.4679316033724,False,16.000618318951346,2.9266319605165485,4.789580514780832,6.8319767101207995,HEALTHY,False,0.0
2024-05-27,560.5371345498887,592.1628932284578,False,15.892285061585282,2.999604316187838,4.789580514780832,6.8319767101207995,HEALTHY,False,0.0
2024-05-28,557.2804849238958,591.6095233145501,False,16.52865070322925,2.286092259028466,4.789580514780832,6.8319767101207995,HEALTHY,False,0.0
2024-05-29,550.035104596383,590.9303970999682,False,15.695189667453228,2.809420068815215,4.789580514780832,6.8319767101207995,HEALTHY,False,0.0
2024-05-30,554.6959222835151,590.4119823167925,False,16.09523338562001,2.6087006450518953,4.789580514780832,6.8319767101207995,HEALTHY,False,0.0
2024-05-31,554.1389912998071,589.7272206726972,False,17.37214586699705,1.7604598641943972,4.789580514780832,6.8319767101207995,HEALTHY,False,0.0
2024-06-03,553.2442237338169,589.0889860823668,False,18.896803570167243,1.4933738544891366,4.789580514780832,6.8319767101207995,HEALTHY,False,0.0
2024-06-04,549.6499321556892,588.614613585616,False,18.819430371747757,4.035378465415285,4.789580514780832,6.8319767101207995,HEALTHY,False,0.0
2024-06-05,551.2618912458423,588.1320772804096,False,19.15629063366747,2.6911528665539,4.789580514780832,6.8319767101207995,HEALTHY,False,0.0
2024-06-06,549.3377213043608,587.464568105088,False,20.015945685956684,2.83554961266761,4.789580514780832,6.8319767101207995,HEALTHY,False,0.0
2024-06-07,554.2661174050855,586.6878459119475,False,20.130991158280175,2.991098404197318,4.789580514780832,6.8319767101207995,HEALTHY,False,0.0
2024-06-10,556.1141082142332,586.0418276465048,False,20.097691558518072,2.9155800613490794,4.789580514780832,6.8319767101207995,HEALTHY,False,0.0
2024-06-11,554.3691203333077,585.2509584072134,False,19.01861910385348,2.7875041088593595,4.789580514780832,6.8319767101207995,HEALTHY,False,0.0
2024-06-12,553.0303649209711,584.2479551338463,False,19.539390653713614,3.7545852319236523,4.789580514780832,6.8319767101207995,HEALTHY,False,0.0
2024-06-13,558.1228055088378,583.424687446342,False,19.426224080984,2.856431488553043,4.789580514780832,6.8319767101207995,HEALTHY,False,0.0
2024-06-14,566.8454727208489,582.6993654068133,False,19.635559959920773,4.747882123105049,4.789580514780832,6.8319767101207995,HEALTHY,False,0.0
2024-06-17,564.0956606830046,581.9773385365163,False,19.193005984518084,2.174992026492238,4.789580514780832,6.8319767101207995,HEALTHY,False,0.0
2024-06-18,565.1678672824543,581.271064755118,False,18.685688685375464,2.3166012739529216,4.789580514780832,6.8319767101207995,HEALTHY,False,0.0
2024-06-19,572.8314817894683,580.7638489899861,False,17.852745393102616,4.115475933683277,4.789580514780832,6.8319767101207995,HEALTHY,False,0.0
2024-06-20,573.0716518378807,580.2523119114851,False,18.10803982280299,2.1550426434738332,4.789580514780832,6.8319767101207995,HEALTHY,False,0.0
2024-06-21,568.8649341206507,579.6971010350319,False,18.61418989399455,2.5419258918568906,4.789580514780832,6.8319767101207995,HEALTHY,False,0.0
2024-06-24,568.9114748372145,579.1265637570742,False,19.259485802428525,3.8720838965599764,4.789580514780832,6.8319767101207995,HEALTHY,False,0.0
2024-06-25,562.0430782143965,578.6365864166454,False,18.323345414400627,2.347014076390781,4.789580514780832,6.8319767101207995,HEALTHY,False,0.0
2024-06-26,554.2986538785032,578.0069578184657,False,18.347207344713947,3.572226580062759,4.789580514780832,6.8319767101207995,HEALTHY,False,0.0
2024-06-27,557.9000578719396,577.2838597862343,False,17.86474292497085,3.634041748547477,4.789580514780832,6.8319767101207995,HEALTHY,False,0.0
2024-06-28,553.5042582098157,576.3573163379358,False,17.412350468327944,3.234701453068218,4.789580514780832,6.8319767101207995,HEALTHY,False,0.0
2024-07-01,552.1265158692892,575.3128447630878,False,16.604746200492663,3.95143717586685,4.789580514780832,6.8319767101207995,HEALTHY,False,0.0
2024-07-02,556.5482979524534,574.314276555564,False,15.838092328330017,3.6661487151107472,4.789580514780832,6.8319767101207995,HEALTHY,False,0.0
2024-07-03,560.5416798076764,573.2019976537711,False,16.46492460867932,4.15611456339323,4.789580514780832,6.8319767101207995,HEALTHY,False,0.0
2024-07-04,560.000679394582,572.1871318107042,False,18.18557970848233,3.9010958866231555,4.789580514780832,6.8319767101207995,HEALTHY,False,0.0
2024-07-05,561.3444263759259,571.1942316352838,False,18.31366036019794,2.3801260803512743,4.789580514780832,6.8319767101207995,HEALTHY,False,0.0
2024-07-08,566.8363382961337,570.3116264724428,False,18.800091994510648,3.2766472256439387,4.789580514780832,6.8319767101207995,HEALTHY,False,0.0
2024-07-09,556.8141461649652,569.5146487406256,False,18.88893564999416,3.401252423855104,4.789580514780832,6.8319767101207995,HEALTHY,False,0.0
2024-07-10,553.4768343014808,568.6082099707234,False,18.812445460188613,2.200012200203863,4.789580514780832,6.8319767101207995,HEALTHY,False,0.0
2024-07-11,554.8025577024728,567.6010194438461,False,18.211781616787313,2.944695218547844,4.789580514780832,6.8319767101207995,HEALTHY,False,0.0
2024-07-12,560.4710410855978,566.6984410170008,False,19.62697431264602,2.9708939062132536,4.789580514780832,6.8319767101207995,HEALTHY,False,0.0
2024-07-15,558.2511936774289,565.7764689616162,False,21.148031765128735,4.1747988117261965,4.789580514780832,6.8319767101207995,HEALTHY,False,0.0
2024-07-16,559.4926011935866,565.0228270716955,False,20.678459586155842,3.096224664897118,4.789580514780832,6.8319767101207995,HEALTHY,False,0.0
2024-07-17,567.1067939290157,564.4224384023016,True,21.49622954223519,3.3958641156606646,4.789580514780832,6.8319767101207995,HEALTHY,False,0.0
2024-07-18,572.2082604489707,564.0351689948214,True,20.234190251943996,3.1467241849328134,4.789580514780832,6.8319767101207995,HEALTHY,False,0.0
2024-07-19,569.7610597439925,563.5695384466603,True,20.04836623316745,3.488361694868934,4.789580514780832,6.8319767101207995,HEALTHY,False,0.0
2024-07-22,571.9926616938636,563.1363890224143,True,20.494925842287227,3.312842547606811,4.789580514780832,6.8319767101207995,HEALTHY,False,0.0
2024-07-23,573.1032179813102,562.7940210195048,True,19.633074663549785,2.6796873914638017,4.789580514780832,6.8319767101207995,HEALTHY,False,0.0
2024-07-24,572.2314853171368,562.5156641684764,True,20.014952215593027,2.784384595129802,4.789580514780832,6.8319767101207995,HEALTHY,False,0.0
2024-07-25,575.8434723749702,562.3572310756757,True,20.697553492675738,3.2301559508985735,4.789580514780832,6.8319767101207995,HEALTHY,False,0.0
2024-07-26,576.932384958486,562.1605901575301,True,21.008742044930084,3.54951975946326,4.789580514780832,6.8319767101207995,HEALTHY,False,0.0
2024-07-29,575.4906943342484,561.9666037382216,True,20.026375544927866,1.8267489582824852,4.789580514780832,6.8319767101207995,HEALTHY,False,0.0
2024-07-30,572.804174937635,561.7621723334348,True,20.150302079160838,3.5727448949625313,4.789580514780832,6.8319767101207995,HEALTHY,False,0.0
2024-07-31,574.1796543408386,561.8404471374485,True,19.478545543698704,2.962631836071424,4.789580514780832,6.8319767101207995,HEALTHY,False,0.0
2024-08-01,573.7145642239979,562.0000837750816,True,20.099600564193288,2.046225383767249,4.789580514780832,6.8319767101207995,HEALTHY,False,0.0
2024-08-02,568.652559005733,562.166916180672,True,20.4757084366367,2.5677894761102977,4.789580514780832,6.8319767101207995,HEALTHY,False,0.0
2024-08-05,566.1594929684693,562.2793633490436,True,20.497094260506547,2.5776233643971453,4.789580514780832,6.8319767101207995,HEALTHY,False,0.0
2024-08-06,563.3073757512217,562.3999011655901,True,20.21755212638113,2.9698484358653885,4.789580514780832,6.8319767101207995,HEALTHY,False,0.0
2024-08-07,560.2850763926132,562.6049006015147,False,19.99124168812388,3.2253024803141956,4.789580514780832,6.8319767101207995,HEALTHY,False,0.0
2024-08-08,559.4798842836694,562.7005798415179,False,19.843271034556764,2.6462665166074104,4.789580514780832,6.8319767101207995,HEALTHY,False,0.0
2024-08-09,556.8748116127508,562.7552962477768,False,19.613071229435608,3.1391376235184123,4.789580514780832,6.8319767101207995,HEALTHY,False,0.0
2024-08-12,553.4605063905988,562.7596219009124,False,19.12029881919629,3.17002869855893,4.789580514780832,6.8319767101207995,HEALTHY,False,0.0
2024-08-13,557.6384687234241,562.9193926322671,False,18.901669254239923,1.8122513618279479,4.789580514780832,6.8319767101207995,HEALTHY,False,0.0
2024-08-14,557.6186855590867,563.046528518532,False,19.0243441365898,1.9246603991531306,4.789580514780832,6.8319767101207995,HEALTHY,False,0.0
2024-08-15,561.1106365035362,563.2819868225155,False,18.108673819794806,2.9865187330612715,4.789580514780832,6.8319767101207995,HEALTHY,False,0.0
2024-08-16,567.6486491598724,563.5496374576112,True,18.62727631018864,2.770117424331413,4.789580514780832,6.8319767101207995,HEALTHY,False,0.0
2024-08-19,560.8083586282808,563.6435224658921,False,19.210892902855605,3.500334087498116,4.789580514780832,6.8319767101207995,HEALTHY,False,0.0
2024-08-20,559.3585901617994,563.743311862462,False,20.001190686617306,3.7435999316135193,4.789580514780832,6.8319767101207995,HEALTHY,False,0.0
2024-08-21,567.8559467317315,564.0398234986772,True,19.740050340876106,3.0031160374614996,4.789580514780832,6.8319767101207995,HEALTHY,False,0.0
2024-08-22,569.6490039315855,564.2703474671322,True,20.79363039430438,3.0472330609391722,4.789580514780832,6.8319767101207995,HEALTHY,False,0.0
2024-08-23,579.4194786145437,564.5218275850061,True,20.370317927495783,2.8725003622217975,4.789580514780832,6.8319767101207995,HEALTHY,False,0.0
2024-08-26,582.1730925967213,564.8833762232804,True,20.159288495939442,2.3961978511987883,4.789580514780832,6.8319767101207995,HEALTHY,False,0.0
2024-08-27,580.6171282418028,565.1923614424674,True,19.420993323115603,1.5783865533190582,4.789580514780832,6.8319767101207995,HEALTHY,False,0.0
2024-08-28,588.0675921636457,565.4970836499509,True,18.812259525794367,4.009070020691511,4.789580514780832,6.8319767101207995,HEALTHY,False,0.0
2024-08-29,586.2600851900837,565.760852316995,True,18.985485931424982,2.531358183654802,4.789580514780832,6.8319767101207995,HEALTHY,False,0.0
2024-08-30,586.1519403044479,566.106592440671,True,18.21457821309424,2.9875779248112537,4.789580514780832,6.8319767101207995,HEALTHY,False,0.0
2024-09-02,583.1451580364056,566.3912661046547,True,18.054856952226665,3.9667805684849453,4.789580514780832,6.8319767101207995,HEALTHY,False,0.0
2024-09-03,573.0525821430265,566.6114561832273,True,18.536289695411902,3.1967970468461417,4.789580514780832,6.8319767101207995,HEALTHY,False,0.0
2024-09-04,574.7435648327539,567.0203544023123,True,18.829890574172065,3.211628485940794,4.789580514780832,6.8319767101207995,HEALTHY,False,0.0
2024-09-05,577.3112870942615,567.4085789867588,True,19.182937766592996,2.0444608658125496,4.789580514780832,6.8319767101207995,HEALTHY,False,0.0
2024-09-06,579.4561170063579,567.9276161626897,True,20.902724106503058,3.0764839198723672,4.789580514780832,6.8319767101207995,HEALTHY,False,0.0
2024-09-09,580.8632708452571,568.502351262209,True,20.528893280899258,3.153855891903409,4.789580514780832,6.8319767101207995,HEALTHY,False,0.0
2024-09-10,583.6949083356263,569.0452834698724,True,20.148500105454843,2.5219865089966125,4.789580514780832,6.8319767101207995,HEALTHY,False,0.0
2024-09-11,585.4535834100682,569.5435215419203,True,20.98544192472204,1.3286810195457868,4.789580514780832,6.8319767101207995,HEALTHY,False,0.0
2024-09-12,585.1224708970057,570.0459573719687,True,20.54509533388639,2.9146071147046984,4.789580514780832,6.8319767101207995,HEALTHY,False,0.0
2024-09-13,585.115896437967,570.5213867732095,True,20.92347117759074,2.8330401264820564,4.789580514780832,6.8319767101207995,HEALTHY,False,0.0
2024-09-16,586.7025803337452,570.9187116139618,True,21.426068523522538,1.88171389022434,4.789580514780832,6.8319767101207995,HEALTHY,False,0.0
2024-09-17,592.0216864334983,571.6228624193325,True,20.34543785272301,3.5362323965046807,4.789580514780832,6.8319767101207995,HEALTHY,False,0.0
2024-09-18,594.7618861294566,572.448563455892,True,21.81410532197662,2.450010259059773,4.789580514780832,6.8319767101207995,HEALTHY,False,0.0
2024-09-19,582.7446224607826,573.0074047510582,True,21.502834316143737,3.4736534570421598,4.789580514780832,6.8319767101207995,HEALTHY,False,0.0
2024-09-20,579.8548098867731,573.3950801270817,True,21.76610970738149,3.518076975295014,4.789580514780832,6.8319767101207995,HEALTHY,False,0.0
2024-09-23,586.650089946833,573.9630580524698,True,23.370595274740403,3.2970206484411584,4.789580514780832,6.8319767101207995,HEALTHY,False,0.0
2024-09-24,589.1816100143434,574.556838228885,True,22.777175409848436,2.4469259469305538,4.789580514780832,6.8319767101207995,HEALTHY,False,0.0
2024-09-25,597.3935741354092,575.1625738330127,True,22.188552803812023,2.339505280814243,4.789580514780832,6.8319767101207995,HEALTHY,False,0.0
2024-09-26,598.2563391538012,575.6835354071094,True,23.53975682646339,1.771061748595092,4.789580514780832,6.8319767101207995,HEALTHY,False,0.0
2024-09-27,592.0093316012969,576.1285008442554,True,23.716496610799968,3.817909466576114,4.789580514780832,6.8319767101207995,HEALTHY,False,0.0
2024-09-30,592.2239929830047,576.5331274700383,True,24.55423654505933,3.0162556477297406,4.789580514780832,6.8319767101207995,HEALTHY,False,0.0
2024-10-01,590.7981399585422,576.8870259095829,True,24.06218285212645,2.9551088010079045,4.789580514780832,6.8319767101207995,HEALTHY,False,0.0
2024-10-02,585.1497621498341,577.1453914462369,True,25.024664264595096,2.313610494889441,4.789580514780832,6.8319767101207995,HEALTHY,False,0.0
2024-10-03,577.2493159428444,577.1735083175944,True,26.800206890635373,4.329300826901398,4.789580514780832,6.8319767101207995,HEALTHY,False,0.0
2024-10-04,578.8778822480738,577.2124182633861,True,26.462013922831684,2.025206448355647,4.789580514780832,6.8319767101207995,HEALTHY,False,0.0
2024-10-07,584.962234842056,577.4018490735423,True,27.533036216332118,1.7804631363441203,4.789580514780832,6.8319767101207995,HEALTHY,False,0.0
2024-10-08,590.302074521976,577.7518070652291,True,28.049819563154188,3.070400471824323,4.789580514780832,6.8319767101207995,HEALTHY,False,0.0
2024-10-09,588.7170231861961,578.0425544421363,True,29.325975184450233,2.6075523702904784,4.789580514780832,6.8319767101207995,HEALTHY,False,0.0
2024-10-10,596.3743979165408,578.4957511159871,True,30.123991170180354,2.2880660122142435,4.789580514780832,6.8319767101207995,HEALTHY,False,0.0
2024-10-11,598.2959697340259,579.088619330553,True,30.30001741750012,3.57857388150945,4.789580514780832,6.8319767101207995,HEALTHY,False,0.0
2024-10-14,603.391931577602,579.8332681027356,True,29.336284291475252,1.8034756541681642,4.789580514780832,6.8319767101207995,HEALTHY,False,0.0
2024-10-15,595.9915794955155,580.4869521776214,True,28.912191860581974,3.0650675165011405,4.789580514780832,6.8319767101207995,HEALTHY,False,0.0
2024-10-16,596.1291810909929,581.2038342715891,True,30.211455183364293,2.6317174523200166,4.789580514780832,6.8319767101207995,HEALTHY,False,0.0
2024-10-17,593.0486305306742,581.8752091965292,True,30.265023827791175,3.36245048928857,4.789580514780832,6.8319767101207995,HEALTHY,False,0.0
2024-10-18,596.8123556502221,582.6739600772786,True,31.08266605551387,3.365644865120667,4.789580514780832,6.8319767101207995,HEALTHY,False,0.0
2024-10-21,594.4982765579682,583.4947154806259,True,33.53861096199663,2.644680411682631,4.789580514780832,6.8319767101207995,HEALTHY,False,0.0
2024-10-22,596.6875235695379,584.2756965775483,True,33.7925662560249,3.192078706354024,4.789580514780832,6.8319767101207995,HEALTHY,False,0.0
2024-10-23,592.1967759290063,584.9672583849467,True,35.49645888324613,3.090520857115683,4.789580514780832,6.8319767101207995,HEALTHY,False,0.0
2024-10-24,589.8491533555277,585.5420287219865,True,35.78930709384649,2.8407466275400215,4.789580514780832,6.8319767101207995,HEALTHY,False,0.0
2024-10-25,587.9481432935198,585.9480186046594,True,35.991445312601826,3.317069702516236,4.789580514780832,6.8319767101207995,HEALTHY,False,0.0
2024-10-28,584.5364727011056,586.422580886116,False,36.198070137176614,3.069738481898303,4.789580514780832,6.8319767101207995,HEALTHY,False,0.0
2024-10-29,586.6933935727466,586.9692769543349,False,35.09205293117691,2.810405426582246,4.789580514780832,6.8319767101207995,HEALTHY,False,0.0
2024-10-30,582.9701515383962,587.2715610504682,False,34.417912946377456,2.9982517610894877,4.789580514780832,6.8319767101207995,HEALTHY,False,0.0
2024-10-31,580.4083527705499,587.4867480272475,False,32.82554705672239,3.7515828079361095,4.789580514780832,6.8319767101207995,HEALTHY,False,0.0
2024-11-01,575.4164625376995,587.4066877057106,False,33.221127293945614,3.2239058388998023,4.789580514780832,6.8319767101207995,HEALTHY,False,0.0
2024-11-04,572.4151912845703,587.2115296794676,False,33.15319958506852,2.329762625682349,4.789580514780832,6.8319767101207995,HEALTHY,False,0.0
2024-11-05,574.9586431167974,587.0983599769675,False,35.413411870198416,1.928375796436101,4.789580514780832,6.8319767101207995,HEALTHY,False,0.0
2024-11-06,581.1479075463512,586.9599662846216,False,32.537968236497726,3.1071335043346187,4.789580514780832,6.8319767101207995,HEALTHY,False,0.0
2024-11-07,588.6786815359933,587.0083382115397,True,31.94895053958103,2.9438978064087116,4.789580514780832,6.8319767101207995,HEALTHY,False,0.0
2024-11-08,581.5136336692849,586.9155720788365,False,32.83959121149956,3.4756176790610525,4.789580514780832,6.8319767101207995,HEALTHY,False,0.0
2024-11-11,571.346996514446,586.6796088483974,False,31.23343186871245,6.275216201368651,4.789580514780832,6.8319767101207995,ELEVATED,False,1.0
2024-11-12,570.503273559849,586.6286226767337,False,33.70330495126775,6.861568229822033,4.789580514780832,6.8319767101207995,CRISIS,False,2.0
2024-11-13,565.4369544475476,586.4424904690296,False,33.442178363699206,4.391296639813458,4.789580514780832,6.8319767101207995,HEALTHY,False,0.0
2024-11-14,557.2410214915988,586.0410851569764,False,30.624309030183177,4.352087774138789,4.789580514780832,6.8319767101207995,HEALTHY,False,0.0
2024-11-15,552.5459690193522,585.5028821972362,False,28.94559329373831,6.609554850092205,4.789580514780832,6.8319767101207995,ELEVATED,False,1.0
2024-11-18,547.1413722002676,584.8284442243365,False,29.480021435712242,5.535189235010453,4.789580514780832,6.8319767101207995,ELEVATED,False,2.0
2024-11-19,545.8620401832278,584.0717868612885,False,30.20079689271233,4.751702704803443,4.789580514780832,6.8319767101207995,HEALTHY,False,0.0
2024-11-20,552.675058069728,583.4162163544817,False,33.28977825818716,5.0424891421150875,4.789580514780832,6.8319767101207995,ELEVATED,False,1.0
2024-11-21,562.9432750251509,582.9726324370446,False,35.64560767915778,4.60138366764016,4.789580514780832,6.8319767101207995,HEALTHY,False,0.0
2024-11-22,566.362883032148,582.5975721689282,False,36.589274006978236,5.25312369109259,4.789580514780832,6.8319767101207995,ELEVATED,False,1.0
2024-11-25,554.5023091805868,581.953566745865,False,37.49158643063672,4.099367267149586,4.789580514780832,6.8319767101207995,HEALTHY,False,0.0
2024-11-26,545.4439670128379,581.0220123574518,False,40.164272740678115,3.357345768054837,4.789580514780832,6.8319767101207995,HEALTHY,False,0.0
2024-11-27,542.2999571313952,579.9727737774906,False,41.549672893248704,4.505666247685403,4.789580514780832,6.8319767101207995,HEALTHY,False,0.0
2024-11-28,535.7721172362919,579.0333236730007,False,44.22456276579276,3.9335282131767846,4.789580514780832,6.8319767101207995,HEALTHY,False,0.0
2024-11-29,535.6519322111769,578.1492661194889,False,47.72970326891232,3.122322927756876,4.789580514780832,6.8319767101207995,HEALTHY,False,0.0
2024-12-02,535.4319585972513,577.1249034924972,False,45.2066622508319,4.234952260771946,4.789580514780832,6.8319767101207995,HEALTHY,False,0.0
2024-12-03,529.2783679686141,575.9268386515827,False,44.15532201633584,3.0617938395783146,4.789580514780832,6.8319767101207995,HEALTHY,False,0.0
2024-12-04,525.4989276206861,574.4889457212882,False,43.151522058703186,3.657097079073495,4.789580514780832,6.8319767101207995,HEALTHY,False,0.0
2024-12-05,521.5830684688456,572.9554803075891,False,40.45130488782826,5.585176325811687,4.789580514780832,6.8319767101207995,ELEVATED,False,1.0
2024-12-06,514.1460488564021,571.3982146526912,False,37.33636969592631,2.835332609867756,4.789580514780832,6.8319767101207995,HEALTHY,False,0.0
2024-12-09,514.4842363048668,569.8434195191285,False,38.43618802872764,1.598385757458121,4.789580514780832,6.8319767101207995,HEALTHY,False,0.0
2024-12-10,513.5240841395889,568.2979384027493,False,39.073284493434905,2.5827027065506845,4.789580514780832,6.8319767101207995,HEALTHY,False,0.0
2024-12-11,518.8260323982463,566.9714638077176,False,39.01239335028177,2.820792572411336,4.789580514780832,6.8319767101207995,HEALTHY,False,0.0
2024-12-12,521.435208129416,565.855181651449,False,37.469411709175525,3.3140557047391956,4.789580514780832,6.8319767101207995,HEALTHY,False,0.0
2024-12-13,523.5663642551152,564.74895129159,False,38.78885994188107,2.177774965395427,4.789580514780832,6.8319767101207995,HEALTHY,False,0.0
2024-12-16,526.2358777864432,563.5744241504776,False,38.83838254771783,2.5315152794843856,4.789580514780832,6.8319767101207995,HEALTHY,False,0.0
2024-12-17,521.9812736769694,562.2080081335776,False,36.26602965895617,3.7580749609972113,4.789580514780832,6.8319767101207995,HEALTHY,False,0.0
2024-12-18,523.0436706177529,560.8945410822085,False,35.504083378579516,3.70645566170965,4.789580514780832,6.8319767101207995,HEALTHY,False,0.0
2024-12-19,524.7141153953203,559.4613354317843,False,35.182602963366925,3.003702657076816,4.789580514780832,6.8319767101207995,HEALTHY,False,0.0
2024-12-20,526.4420545638794,558.0242571283812,False,36.085477078446175,1.856848533811861,4.789580514780832,6.8319767101207995,HEALTHY,False,0.0
2024-12-23,529.6916877993617,556.5502522528164,False,36.89072928437602,2.8713649161043504,4.789580514780832,6.8319767101207995,HEALTHY,False,0.0
2024-12-24,532.859646995531,555.2876136028168,False,38.33522308697207,3.6290893206446255,4.789580514780832,6.8319767101207995,HEALTHY,False,0.0
2024-12-25,534.6575077947444,554.0581801368918,False,37.430244427644745,2.4887162415819026,4.789580514780832,6.8319767101207995,HEALTHY,False,0.0
2024-12-26,541.0938968963324,553.019085464205,False,37.992719310519064,2.3103612720906366,4.789580514780832,6.8319767101207995,HEALTHY,False,0.0
2024-12-27,544.8837699971218,551.9805137511429,False,38.9302235331601,1.984211651638678,4.789580514780832,6.8319767101207995,HEALTHY,False,0.0
2024-12-30,549.4244707066442,551.0790376341165,False,38.13005069999919,3.490339803745992,4.789580514780832,6.8319767101207995,HEALTHY,False,0.0
2024-12-31,554.1195320865376,550.2276778044566,True,38.45945234975825,4.6460545693724775,4.789580514780832,6.8319767101207995,HEALTHY,False,0.0
2025-01-01,558.3933280210484,549.5516088462973,True,37.214325237366545,2.9509176652453366,4.789580514780832,6.8319767101207995,HEALTHY,False,0.0
2025-01-02,558.3730620331232,548.9220870198492,True,37.610936538258805,2.589629506864014,4.789580514780832,6.8319767101207995,HEALTHY,False,0.0
2025-01-03,557.3158828939676,548.3094418118582,True,36.72110020398984,3.782443335833005,4.789580514780832,6.8319767101207995,HEALTHY,False,0.0
2025-01-06,558.4373634826919,547.7874596274899,True,37.466870803083374,2.0516239271065158,4.789580514780832,6.8319767101207995,HEALTHY,False,0.0
2025-01-07,564.0311286301941,547.3342143286388,True,36.530530377292045,2.9514561915024244,4.789580514780832,6.8319767101207995,HEALTHY,False,0.0
2025-01-08,557.8730637194415,546.8322725722597,True,39.83607658536345,3.5732475230391842,4.789580514780832,6.8319767101207995,HEALTHY,False,0.0
2025-01-09,553.1816055002854,546.2877376268546,True,40.63645683699961,2.71649547608469,4.789580514780832,6.8319767101207995,HEALTHY,False,0.0
2025-01-10,554.7387099895933,545.8741825758923,True,40.84724260777814,3.1954919620984836,4.789580514780832,6.8319767101207995,HEALTHY,False,0.0
2025-01-13,560.3172644375345,545.6322240389516,True,39.23721512154721,2.6585293821680005,4.789580514780832,6.8319767101207995,HEALTHY,False,0.0
2025-01-14,554.2964179240533,545.2189795350968,True,36.903035035983734,2.5923189279725487,4.789580514780832,6.8319767101207995,HEALTHY,False,0.0
2025-01-15,551.4444996906519,544.6249113779828,True,37.76566611742255,2.4829355916946083,4.789580514780832,6.8319767101207995,HEALTHY,False,0.0
2025-01-16,554.6030129152357,543.9433980055676,True,39.86195218075583,4.037894222414968,4.789580514780832,6.8319767101207995,HEALTHY,False,0.0
2025-01-17,552.377290135963,543.3606711349012,True,37.77942835900759,2.468815010578141,4.789580514780832,6.8319767101207995,HEALTHY,False,0.0
2025-01-20,546.5167465065751,542.8640661347438,True,39.172065017069194,3.3588520970922455,4.789580514780832,6.8319767101207995,HEALTHY,False,0.0
2025-01-21,546.5912016747237,542.3858246970412,True,38.483936197941425,3.0464007309277887,4.789580514780832,6.8319767101207995,HEALTHY,False,0.0
2025-01-22,545.4539021700531,541.9861636514913,True,38.435135263819944,2.441556841048053,4.789580514780832,6.8319767101207995,HEALTHY,False,0.0
2025-01-23,542.0304928975146,541.6819530796097,True,39.74309686881942,3.6619084382619578,4.789580514780832,6.8319767101207995,HEALTHY,False,0.0
2025-01-24,541.8561292722674,541.468156284668,True,37.50027125806766,2.5586860731182837,4.789580514780832,6.8319767101207995,HEALTHY,False,0.0
2025-01-27,542.1056375285832,541.3674415912342,True,39.67980856613013,1.7352612610787241,4.789580514780832,6.8319767101207995,HEALTHY,False,0.0
2025-01-28,545.6666391596879,541.3635335707635,True,40.32151041686099,3.6654490577599406,4.789580514780832,6.8319767101207995,HEALTHY,False,0.0
2025-01-29,549.4338693647059,541.298709796663,True,40.73795381119478,3.8325969162279203,4.789580514780832,6.8319767101207995,HEALTHY,False,0.0
2025-01-30,552.6390794327507,541.0926258848151,True,39.744899686456506,3.4613822545975315,4.789580514780832,6.8319767101207995,HEALTHY,False,0.0
2025-01-31,549.6597524952184,540.7585632740764,True,41.35466896907575,2.598496068701871,4.789580514780832,6.8319767101207995,HEALTHY,False,0.0
2025-02-03,550.2538252227712,540.6735935949201,True,40.86486264054534,4.000826241034479,4.789580514780832,6.8319767101207995,HEALTHY,False,0.0
2025-02-04,554.3584415364709,540.8518830853928,True,37.15451307550711,3.5442354956909083,4.789580514780832,6.8319767101207995,HEALTHY,False,0.0
2025-02-05,561.282949418352,541.231542931132,True,34.914692776590265,3.517182867544361,4.789580514780832,6.8319767101207995,HEALTHY,False,0.0
2025-02-06,552.9047483759122,541.5741955539244,True,33.61557540726181,3.4839506441580186,4.789580514780832,6.8319767101207995,HEALTHY,False,0.0
2025-02-07,556.461735508157,541.990391619864,True,35.109254769638355,2.308036177939459,4.789580514780832,6.8319767101207995,HEALTHY,False,0.0
2025-02-10,556.7270463977123,542.4162933758732,True,35.5583140963947,2.7972998799773636,4.789580514780832,6.8319767101207995,HEALTHY,False,0.0
2025-02-11,560.2497929885485,543.0357218762719,True,36.12415000896455,2.7192160482715586,4.789580514780832,6.8319767101207995,HEALTHY,False,0.0
2025-02-12,562.2231847327902,543.7702070185139,True,34.788279015156476,2.5932498440186027,4.789580514780832,6.8319767101207995,HEALTHY,False,0.0
2025-02-13,562.5624581167388,544.5897948114718,True,34.25956206995943,3.0636831410267127,4.789580514780832,6.8319767101207995,HEALTHY,False,0.0
2025-02-14,560.612838292486,545.5191306001935,True,33.74218010401019,2.1954611732667146,4.789580514780832,6.8319767101207995,HEALTHY,False,0.0
2025-02-17,554.7348635868176,546.3241431458325,True,34.92361391612008,3.4299760918997286,4.789580514780832,6.8319767101207995,HEALTHY,False,0.0
2025-02-18,555.3561411383662,547.1607842858081,True,34.4752622354285,2.9107663056782616,4.789580514780832,6.8319767101207995,HEALTHY,False,0.0
2025-02-19,546.9080449209612,547.7224245362623,False,37.13781655986179,4.5620945561246975,4.789580514780832,6.8319767101207995,HEALTHY,False,0.0
2025-02-20,531.6982391362593,547.9276851563992,False,37.69643921059396,4.672591427665302,4.789580514780832,6.8319767101207995,HEALTHY,False,0.0
2025-02-21,523.5842210396172,547.9280422920892,False,38.03120159172491,3.0717781336519616,4.789580514780832,6.8319767101207995,HEALTHY,False,0.0
2025-02-24,528.2181613649551,547.9676879636595,False,37.79329355823445,2.058578654992906,4.789580514780832,6.8319767101207995,HEALTHY,False,0.0
2025-02-25,524.6163504908693,548.0203894999374,False,37.76174348638158,3.4368198136184005,4.789580514780832,6.8319767101207995,HEALTHY,False,0.0
2025-02-26,532.9270263830207,548.2180566152429,False,37.834116910845914,2.439764107091032,4.789580514780832,6.8319767101207995,HEALTHY,False,0.0
2025-02-27,536.6580918410928,548.4569361441582,False,37.7489401249564,3.3894653359879063,4.789580514780832,6.8319767101207995,HEALTHY,False,0.0
2025-02-28,532.4654494876407,548.5774040426335,False,35.64365918945892,2.6899303698648156,4.789580514780832,6.8319767101207995,HEALTHY,False,0.0
2025-03-03,531.2505602393827,548.6085814914339,False,36.03393967519458,2.593847585957231,4.789580514780832,6.8319767101207995,HEALTHY,False,0.0
2025-03-04,534.3885783002562,548.6391601175285,False,32.80694928383615,2.8241860959396776,4.789580514780832,6.8319767101207995,HEALTHY,False,0.0
2025-03-05,534.2147646462041,548.6303052545576,False,32.63548222847271,3.646439610513873,4.789580514780832,6.8319767101207995,HEALTHY,False,0.0
2025-03-06,530.4709866955017,548.417847050541,False,31.274153746220577,1.8616019509208885,4.789580514780832,6.8319767101207995,HEALTHY,False,0.0
2025-03-07,530.6046136196295,548.1322639229912,False,29.9864461457887,2.254287313800388,4.789580514780832,6.8319767101207995,HEALTHY,False,0.0
2025-03-10,530.4645506662614,547.7530655221834,False,32.338659707894706,2.5164477458779873,4.789580514780832,6.8319767101207995,HEALTHY,False,0.0
2025-03-11,527.4107757803426,547.2188903960596,False,32.60484688482693,2.8895721126083096,4.789580514780832,6.8319767101207995,HEALTHY,False,0.0
2025-03-12,528.7465675693151,546.6259551870249,False,33.2189658998496,2.365304351064583,4.789580514780832,6.8319767101207995,HEALTHY,False,0.0
2025-03-13,531.5740492076329,546.0899749305152,False,33.644909791880764,3.1946338577134026,4.789580514780832,6.8319767101207995,HEALTHY,False,0.0
2025-03-14,535.5421896943881,545.6545010665236,False,33.572311538040886,3.9303559193075737,4.789580514780832,6.8319767101207995,HEALTHY,False,0.0
2025-03-17,539.132717009533,545.2684081370604,False,35.00291157744484,2.9654160689377043,4.789580514780832,6.8319767101207995,HEALTHY,False,0.0
2025-03-18,531.7053564703838,544.6218926938642,False,36.76032615099587,2.4590423146361844,4.789580514780832,6.8319767101207995,HEALTHY,False,0.0
2025-03-19,526.1090278092088,543.9866119756596,False,35.12365634498393,3.087001078731221,4.789580514780832,6.8319767101207995,HEALTHY,False,0.0
2025-03-20,518.1880699951147,543.2867412655561,False,33.39586330896374,2.8992297339875304,4.789580514780832,6.8319767101207995,HEALTHY,False,0.0
2025-03-21,525.0954403055813,542.6938758718759,False,32.38001959535026,2.5684830175792466,4.789580514780832,6.8319767101207995,HEALTHY,False,0.0
2025-03-24,522.9745782221435,541.9470221475681,False,32.79192646019575,3.1395120505636447,4.789580514780832,6.8319767101207995,HEALTHY,False,0.0
2025-03-25,528.6611569445744,541.4343169279784,False,33.29523154936956,2.5560860100572595,4.789580514780832,6.8319767101207995,HEALTHY,False,0.0
2025-03-26,531.6551479490673,541.0385298931468,False,33.91370295425843,2.469683374234082,4.789580514780832,6.8319767101207995,HEALTHY,False,0.0
2025-03-27,531.4388567416627,540.5752467696753,False,35.16086121657677,2.0793093786767853,4.789580514780832,6.8319767101207995,HEALTHY,False,0.0
2025-03-28,528.8398079820548,540.1044971265972,False,33.51151502365621,2.212069291400959,4.789580514780832,6.8319767101207995,HEALTHY,False,0.0
2025-03-31,528.6903098260823,539.7479683929872,False,34.43712255796244,2.637735229150702,4.789580514780832,6.8319767101207995,HEALTHY,False,0.0
2025-04-01,529.0724468026873,539.3975932955466,False,36.20015512880398,4.164796452434306,4.789580514780832,6.8319767101207995,HEALTHY,False,0.0
2025-04-02,531.915511232323,539.126825476792,False,36.36238082809407,3.281876064016384,4.789580514780832,6.8319767101207995,HEALTHY,False,0.0
2025-04-03,527.4227415888071,538.8346704506179,False,36.39072651067025,2.8239785896663907,4.789580514780832,6.8319767101207995,HEALTHY,False,0.0
2025-04-04,522.5854293487961,538.4492564521483,False,34.703920040257486,2.758912836942808,4.789580514780832,6.8319767101207995,HEALTHY,False,0.0
2025-04-07,522.0965189221533,538.0490740800197,False,33.61991583051988,2.361573488718292,4.789580514780832,6.8319767101207995,HEALTHY,False,0.0
2025-04-08,526.5241026549293,537.6662233499246,False,30.921223820605938,2.768503808521831,4.789580514780832,6.8319767101207995,HEALTHY,False,0.0
2025-04-09,521.196869901363,537.1014833606578,False,29.40247539392622,3.0289721900030315,4.789580514780832,6.8319767101207995,HEALTHY,False,0.0
2025-04-10,524.5790910990861,536.5402835939844,False,30.706390464460767,3.274754995155325,4.789580514780832,6.8319767101207995,HEALTHY,False,0.0
2025-04-11,530.005249698296,536.147193538046,False,33.75158014323173,1.9796998819285314,4.789580514780832,6.8319767101207995,HEALTHY,False,0.0
2025-04-14,527.534600874051,535.6928090510715,False,33.298054026758024,3.131902003879358,4.789580514780832,6.8319767101207995,HEALTHY,False,0.0
2025-04-15,519.3527708060951,534.9926956364641,False,37.419917663747455,2.5866352822028147,4.789580514780832,6.8319767101207995,HEALTHY,False,0.0
2025-04-16,513.2433009083799,534.0319026662646,False,34.32341557842668,3.002868572991702,4.789580514780832,6.8319767101207995,HEALTHY,False,0.0
2025-04-17,508.9122050460859,533.1520517996681,False,39.027624599602994,3.995129185442554,4.789580514780832,6.8319767101207995,HEALTHY,False,0.0
2025-04-18,509.56840887743573,532.2141852670537,False,40.25075938624162,3.1081589455744942,4.789580514780832,6.8319767101207995,HEALTHY,False,0.0
2025-04-21,506.2559102477294,531.2047625440541,False,42.08072983879449,2.0761995752368247,4.789580514780832,6.8319767101207995,HEALTHY,False,0.0
2025-04-22,508.12549787355425,530.1622766417541,False,42.69374708102794,3.3979375365735756,4.789580514780832,6.8319767101207995,HEALTHY,False,0.0
2025-04-23,511.9480788529535,529.1567745241574,False,42.58416780828956,2.75337630093311,4.789580514780832,6.8319767101207995,HEALTHY,False,0.0
2025-04-24,505.013038623063,528.0057861342839,False,42.06189499638971,3.6526639361550366,4.789580514780832,6.8319767101207995,HEALTHY,False,0.0
2025-04-25,504.8004655317241,526.8895386790687,False,41.87227497084359,3.278406093312043,4.789580514780832,6.8319767101207995,HEALTHY,False,0.0
2025-04-28,500.1672293685186,525.7981859947026,False,39.67828138254584,3.4289511175229985,4.789580514780832,6.8319767101207995,HEALTHY,False,0.0
2025-04-29,505.64326668007453,524.8039285055369,False,42.25798628518231,3.9275121924518217,4.789580514780832,6.8319767101207995,HEALTHY,False,0.0
2025-04-30,508.1693886768333,524.0291553806543,False,39.378774569177104,3.3419170699261467,4.789580514780832,6.8319767101207995,HEALTHY,False,0.0
2025-05-01,505.5654732223428,523.506500062376,False,41.115606947327244,3.194134564759074,4.789580514780832,6.8319767101207995,HEALTHY,False,0.0
2025-05-02,506.49000683371986,523.164615778258,False,40.705921736967525,2.8594760767345555,4.789580514780832,6.8319767101207995,HEALTHY,False,0.0
2025-05-05,505.87925891984696,522.7178377293559,False,39.016878582492375,4.479575197611687,4.789580514780832,6.8319767101207995,HEALTHY,False,0.0
2025-05-06,508.11306060348744,522.3877719316082,False,36.991001528036094,1.9646563732969933,4.789580514780832,6.8319767101207995,HEALTHY,False,0.0
2025-05-07,515.9965977055693,522.0491633580591,False,37.468634197421224,3.5528253511503185,4.789580514780832,6.8319767101207995,HEALTHY,False,0.0
2025-05-08,517.0939097919963,521.6578797170773,False,38.20036517968801,2.8475043829050737,4.789580514780832,6.8319767101207995,HEALTHY,False,0.0
2025-05-09,523.2334533757901,521.4732397948403,True,39.04419215443824,3.9591375802301205,4.789580514780832,6.8319767101207995,HEALTHY,False,0.0
2025-05-12,522.7726430647615,521.3036814513478,True,41.03424894390373,4.390215082269149,4.789580514780832,6.8319767101207995,HEALTHY,False,0.0
2025-05-13,519.6828058354387,521.0095660020515,False,40.46507967801847,4.272647907888625,4.789580514780832,6.8319767101207995,HEALTHY,False,0.0
2025-05-14,523.3956475803936,520.7931836607353,True,41.15388541980317,2.676243436529826,4.789580514780832,6.8319767101207995,HEALTHY,False,0.0
2025-05-15,525.3988174835447,520.6917402764961,True,41.21256005702273,3.619035051604681,4.789580514780832,6.8319767101207995,HEALTHY,False,0.0
2025-05-16,529.4344216031274,520.6683364361661,True,40.45480025741046,3.3590232745572512,4.789580514780832,6.8319767101207995,HEALTHY,False,0.0
2025-05-19,540.6410475682104,520.8718663742052,True,42.843281257949606,4.209907689878951,4.789580514780832,6.8319767101207995,HEALTHY,False,0.0
2025-05-20,540.2313582056092,521.1282780227104,True,41.812689116548135,2.719760117609857,4.789580514780832,6.8319767101207995,HEALTHY,False,0.0
2025-05-21,538.4302612934316,521.3219518971927,True,43.17952361982807,3.0607553488427857,4.789580514780832,6.8319767101207995,HEALTHY,False,0.0
2025-05-22,543.4560621242264,521.5595921555246,True,45.03739834495727,3.4133013072406224,4.789580514780832,6.8319767101207995,HEALTHY,False,0.0
2025-05-23,544.6976260928203,521.7427008834933,True,45.474417729289506,2.3966531457001454,4.789580514780832,6.8319767101207995,HEALTHY,False,0.0
2025-05-26,546.1989960635908,521.8840264645744,True,48.967549890739946,3.3306194854672575,4.789580514780832,6.8319767101207995,HEALTHY,False,0.0
2025-05-27,551.679851662585,522.2835163684184,True,49.54485973928494,3.1553273997028333,4.789580514780832,6.8319767101207995,HEALTHY,False,0.0
2025-05-28,551.9832137461304,522.8010000871568,True,50.310711311678546,2.2546277071117173,4.789580514780832,6.8319767101207995,HEALTHY,False,0.0
2025-05-29,558.0664434645784,523.5985675565461,True,50.106525238927624,3.4320431269430074,4.789580514780832,6.8319767101207995,HEALTHY,False,0.0
2025-05-30,561.2474391402689,524.3216075332399,True,49.89739647321492,4.139179599568116,4.789580514780832,6.8319767101207995,HEALTHY,False,0.0
2025-06-02,564.0772169494151,525.1436603077854,True,53.60195760091275,2.8198856487424595,4.789580514780832,6.8319767101207995,HEALTHY,False,0.0
2025-06-03,563.7345769986701,525.8451287088673,True,51.330930776165985,3.972871967377019,4.789580514780832,6.8319767101207995,HEALTHY,False,0.0
2025-06-04,566.4955349268864,526.5419364484237,True,55.34677128225011,3.4535131067665854,4.789580514780832,6.8319767101207995,HEALTHY,False,0.0
2025-06-05,563.8485978161443,527.1901312699133,True,58.1722129151377,2.86146541673116,4.789580514780832,6.8319767101207995,HEALTHY,False,0.0
2025-06-06,562.6173709452912,527.865682529178,True,57.055307053660634,4.195136912983305,4.789580514780832,6.8319767101207995,HEALTHY,False,0.0
2025-06-09,554.2777737341291,528.3774318073389,True,60.40499969614857,3.869461436956368,4.789580514780832,6.8319767101207995,HEALTHY,False,0.0
2025-06-10,559.7431094643446,528.990845060572,True,60.015360315988865,3.895266234729458,4.789580514780832,6.8319767101207995,HEALTHY,False,0.0
2025-06-11,561.2001811188796,529.5765384583033,True,58.065536672967426,3.7375186764537514,4.789580514780832,6.8319767101207995,HEALTHY,False,0.0
2025-06-12,562.6136326562153,530.2803562796514,True,55.797007285264726,2.9328750189791757,4.789580514780832,6.8319767101207995,HEALTHY,False,0.0
2025-06-13,562.6170220357467,531.0809881333903,True,54.55206332847827,2.9688370947158407,4.789580514780832,6.8319767101207995,HEALTHY,False,0.0
2025-06-16,564.434740319075,531.9277525613287,True,52.25074187019465,2.2760260450832273,4.789580514780832,6.8319767101207995,HEALTHY,False,0.0
2025-06-17,565.986586178662,532.7170022318035,True,53.44532215216386,4.101298283506456,4.789580514780832,6.8319767101207995,HEALTHY,False,0.0
2025-06-18,563.6472788430233,533.5660104106366,True,54.14667993095624,3.1585910925641936,4.789580514780832,6.8319767101207995,HEALTHY,False,0.0
2025-06-19,565.2529523736166,534.3794876361274,True,51.80565669816648,2.827741686038946,4.789580514780832,6.8319767101207995,HEALTHY,False,0.0
2025-06-20,570.3917292063622,535.1872172262886,True,52.729549251462295,2.7976162129844453,4.789580514780832,6.8319767101207995,HEALTHY,False,0.0
2025-06-23,578.0028961117663,536.196583131043,True,52.625350575546925,3.089442899676865,4.789580514780832,6.8319767101207995,HEALTHY,False,0.0
2025-06-24,570.5072627724811,537.2196729703705,True,52.799637745873646,3.1298242402334018,4.789580514780832,6.8319767101207995,HEALTHY,False,0.0
2025-06-25,560.4147815644983,538.1631025834929,True,50.985888867867914,3.3843679841123167,4.789580514780832,6.8319767101207995,HEALTHY,False,0.0
2025-06-26,563.4576476387734,539.2540114353468,True,48.517756133854434,3.5743592055998388,4.789580514780832,6.8319767101207995,HEALTHY,False,0.0
2025-06-27,567.2769901706756,540.4081830612116,True,47.13432006019101,1.8214437767129035,4.789580514780832,6.8319767101207995,HEALTHY,False,0.0
2025-06-30,560.8740585750364,541.5005460277577,True,49.09809330615317,2.8279660745457806,4.789580514780832,6.8319767101207995,HEALTHY,False,0.0
2025-07-01,560.6869561514451,542.5517751933155,True,50.16986961066444,3.493738660417184,4.789580514780832,6.8319767101207995,HEALTHY,False,0.0
2025-07-02,558.8609892048574,543.4900334003536,True,49.60202010458371,2.113663098466575,4.789580514780832,6.8319767101207995,HEALTHY,False,0.0
2025-07-03,553.9171581014613,544.4681157899216,True,49.893993671407316,2.666963843616014,4.789580514780832,6.8319767101207995,HEALTHY,False,0.0
2025-07-04,562.6143897829352,545.6243942749458,True,50.83943999394571,2.7996673745281524,4.789580514780832,6.8319767101207995,HEALTHY,False,0.0
2025-07-07,560.6432757521098,546.8339152026176,True,50.17967054495323,3.434702128155672,4.789580514780832,6.8319767101207995,HEALTHY,False,0.0
2025-07-08,559.2814258006348,547.9066783850288,True,49.892780594936575,3.3418916019062994,4.789580514780832,6.8319767101207995,HEALTHY,False,0.0
2025-07-09,573.032459332261,549.2039397981374,True,51.81278970246039,4.132713306907174,4.789580514780832,6.8319767101207995,HEALTHY,False,0.0
2025-07-10,585.6158016341473,550.8049463663734,True,49.19500407125406,4.9448725617807865,4.789580514780832,6.8319767101207995,ELEVATED,True,1.0
2025-07-11,586.8261383787459,552.411668997274,True,50.33317315219053,2.0826128948933,4.789580514780832,6.8319767101207995,HEALTHY,False,0.0
2025-07-14,586.1206294567437,554.0164964080119,True,45.649427367969295,2.3272803147461336,4.789580514780832,6.8319767101207995,HEALTHY,False,0.0
2025-07-15,590.5569899911727,555.6653749957655,True,50.817486265260314,2.0318458998022346,4.789580514780832,6.8319767101207995,HEALTHY,False,0.0
2025-07-16,598.4040685004877,557.3135244116639,True,52.506660312055295,2.8056354904201495,4.789580514780832,6.8319767101207995,HEALTHY,False,0.0
2025-07-17,600.2051407795951,558.975749031416,True,52.33998201482072,3.5516079119892536,4.789580514780832,6.8319767101207995,HEALTHY,False,0.0
2025-07-18,595.7553101780078,560.4261861674603,True,51.80748048905932,2.4790053636073512,4.789580514780832,6.8319767101207995,HEALTHY,False,0.0
2025-07-21,594.4672925361433,561.860079156888,True,52.392506776389766,4.665565286850725,4.789580514780832,6.8319767101207995,HEALTHY,False,0.0
2025-07-22,593.2506779095611,563.3314365983704,True,54.20156679944039,3.6428047709227593,4.789580514780832,6.8319767101207995,HEALTHY,False,0.0
2025-07-23,591.6931391699915,564.6973864301624,True,52.94639233742194,3.941970989077961,4.789580514780832,6.8319767101207995,HEALTHY,False,0.0
2025-07-24,588.8948175451181,565.9673064313938,True,51.51018738796727,2.7155379782782885,4.789580514780832,6.8319767101207995,HEALTHY,False,0.0
2025-07-25,586.6514360575444,567.1116467204822,True,51.51249363551277,2.696718691674256,4.789580514780832,6.8319767101207995,HEALTHY,False,0.0
2025-07-28,587.8057939121668,568.0549416473613,True,52.28237314055287,3.2938143343788258,4.789580514780832,6.8319767101207995,HEALTHY,False,0.0
2025-07-29,579.5723772275705,568.8417620278005,True,53.49547489722057,2.9039842104628373,4.789580514780832,6.8319767101207995,HEALTHY,False,0.0
2025-07-30,575.0635455235999,569.5744277124039,True,54.471184559377406,3.0277429606718376,4.789580514780832,6.8319767101207995,HEALTHY,False,0.0
2025-07-31,578.3106040039893,570.2715185499992,True,52.47212801792053,2.313643959016853,4.789580514780832,6.8319767101207995,HEALTHY,False,0.0
2025-08-01,579.1855218767379,570.9612764656775,True,51.990671462048525,2.42520895846696,4.789580514780832,6.8319767101207995,HEALTHY,False,0.0
2025-08-04,580.3395340985691,571.644087226377,True,51.70462341170636,2.8330447536996113,4.789580514780832,6.8319767101207995,HEALTHY,False,0.0
2025-08-05,579.4083019113683,572.1986562313527,True,52.50084116986802,2.5526363786150124,4.789580514780832,6.8319767101207995,HEALTHY,False,0.0
2025-08-06,577.6136330611297,572.7112646176527,True,53.18013909527994,4.232087200449415,4.789580514780832,6.8319767101207995,HEALTHY,False,0.0
2025-08-07,584.8611090658351,573.2471579296779,True,50.632736687583595,4.199817432028034,4.789580514780832,6.8319767101207995,HEALTHY,False,0.0
2025-08-08,578.7442099015915,573.5970933449042,True,50.449842984759,2.8218089606093457,4.789580514780832,6.8319767101207995,HEALTHY,False,0.0
2025-08-11,570.7003917121363,573.7295568401587,False,51.39766527381985,5.460687215542305,4.789580514780832,6.8319767101207995,ELEVATED,False,1.0
2025-08-12,598.4011776342455,574.4228888528702,True,57.22096885636231,11.109661677271136,4.789580514780832,6.8319767101207995,CRISIS,True,2.0
2025-08-13,588.0860105057574,574.8546983644476,True,64.49778993033487,7.6952919057417715,4.789580514780832,6.8319767101207995,CRISIS,True,3.0
2025-08-14,594.9756804946845,575.4772400180184,True,62.95241826581797,8.060888821414718,4.789580514780832,6.8319767101207995,CRISIS,True,4.0
2025-08-15,611.6391270688474,576.4576751404896,True,61.67779953306311,6.7629298308179076,4.789580514780832,6.8319767101207995,ELEVATED,True,5.0
2025-08-18,606.0140944804837,577.4924015554167,True,62.36967626967971,7.927964285237928,4.789580514780832,6.8319767101207995,CRISIS,True,6.0
2025-08-19,616.2834056034103,578.623207478198,True,62.3994379449471,3.9946472258488197,4.789580514780832,6.8319767101207995,HEALTHY,False,0.0
2025-08-20,609.6457670729216,579.5921191972789,True,66.60299223435656,6.954919997654941,4.789580514780832,6.8319767101207995,CRISIS,True,1.0
2025-08-21,601.5635756231865,580.3711180566182,True,61.50767234035796,3.905135956363418,4.789580514780832,6.8319767101207995,HEALTHY,False,0.0
2025-08-22,586.9666627798964,580.8581108715011,True,65.14611233315446,3.621156501523654,4.789580514780832,6.8319767101207995,HEALTHY,False,0.0
2025-08-25,594.990860964111,581.469233284402,True,64.26521527226102,3.251483523770959,4.789580514780832,6.8319767101207995,HEALTHY,False,0.0
2025-08-26,599.6454135822804,582.1424098324743,True,57.53418762289629,3.9765212904530434,4.789580514780832,6.8319767101207995,HEALTHY,False,0.0
2025-08-27,613.3160378780755,583.1357850131755,True,60.14740812282403,3.951423425010326,4.789580514780832,6.8319767101207995,HEALTHY,False,0.0
2025-08-28,612.9338138795932,584.0894022432948,True,52.149092190864444,3.3237170509452505,4.789580514780832,6.8319767101207995,HEALTHY,False,0.0
2025-08-29,612.1002963600514,584.9235735863687,True,53.24676646774698,3.5723735990780656,4.789580514780832,6.8319767101207995,HEALTHY,False,0.0
2025-09-01,635.2680746103053,586.0688771563395,True,53.79820509015571,5.215338893925256,4.789580514780832,6.8319767101207995,ELEVATED,True,1.0
2025-09-02,629.0122344878815,587.2389765906474,True,55.36938767755833,3.727685433504766,4.789580514780832,6.8319767101207995,HEALTHY,False,0.0
2025-09-03,634.5952341807377,588.7225856429723,True,53.0205359649941,3.999215006019199,4.789580514780832,6.8319767101207995,HEALTHY,False,0.0
2025-09-04,637.6716349583804,590.2068653893643,True,52.64814517943001,3.356095099752733,4.789580514780832,6.8319767101207995,HEALTHY,False,0.0
2025-09-05,641.8618108367191,591.6985618026852,True,50.64648913391058,3.7440078496882396,4.789580514780832,6.8319767101207995,HEALTHY,False,0.0
2025-09-08,643.4175738707273,593.3494321085991,True,48.904991210117025,3.6928455158106805,4.789580514780832,6.8319767101207995,HEALTHY,False,0.0
2025-09-09,639.4591505377673,594.9248759963255,True,52.09683173860887,2.7113560498999227,4.789580514780832,6.8319767101207995,HEALTHY,False,0.0
2025-09-10,644.4899309254157,596.6374548307367,True,48.85960151355618,3.3187149214280995,4.789580514780832,6.8319767101207995,HEALTHY,False,0.0
2025-09-11,647.2748876891333,598.5046094224901,True,48.433219030693955,5.1021206218147706,4.789580514780832,6.8319767101207995,ELEVATED,True,1.0
2025-09-12,635.6802132639231,599.9659258921099,True,50.6275329965451,4.239759964562962,4.789580514780832,6.8319767101207995,HEALTHY,False,0.0
2025-09-15,639.4875372603025,601.5428111222737,True,54.59134160239938,3.2369572700160014,4.789580514780832,6.8319767101207995,HEALTHY,False,0.0
2025-09-16,639.2814422258409,603.1428114507779,True,53.54199069283112,0.9119534085204449,4.789580514780832,6.8319767101207995,HEALTHY,False,0.0
2025-09-17,631.463630019906,604.3114348645307,True,52.05035953174915,2.148572078732407,4.789580514780832,6.8319767101207995,HEALTHY,False,0.0
2025-09-18,626.0955851609714,605.1210305350672,True,52.78993267331273,3.4486633580252435,4.789580514780832,6.8319767101207995,HEALTHY,False,0.0
2025-09-19,631.3142148966971,606.0107920654262,True,56.91873860654177,5.038085093341468,4.789580514780832,6.8319767101207995,ELEVATED,True,1.0
2025-09-22,625.4002231079381,606.7963839384502,True,55.10464441134224,3.537854502593831,4.789580514780832,6.8319767101207995,HEALTHY,False,0.0
2025-09-23,619.6712939882729,607.3786700183922,True,53.597908410097425,3.3414942661478464,4.789580514780832,6.8319767101207995,HEALTHY,False,0.0
2025-09-24,618.1904575673041,607.7743977997285,True,53.96122739431951,3.4071991915249127,4.789580514780832,6.8319767101207995,HEALTHY,False,0.0
2025-09-25,613.4156815912394,608.0386086159614,True,54.42164977547473,3.3164552491549975,4.789580514780832,6.8319767101207995,HEALTHY,False,0.0
2025-09-26,616.8681306922736,608.4608650262467,True,52.02418222581445,2.6663252236956363,4.789580514780832,6.8319767101207995,HEALTHY,False,0.0
2025-09-29,613.638207577504,608.844283327074,True,50.42410969591173,1.8225089380385902,4.789580514780832,6.8319767101207995,HEALTHY,False,0.0
2025-09-30,615.9339932908464,609.2979496346996,True,51.7677861957818,3.0847520364327505,4.789580514780832,6.8319767101207995,HEALTHY,False,0.0
2025-10-01,613.6503113569576,609.7370930784389,True,53.660529944627314,2.221225636911285,4.789580514780832,6.8319767101207995,HEALTHY,False,0.0
2025-10-02,614.3530471895829,610.2462576713283,True,51.700794300614795,2.719480274726442,4.789580514780832,6.8319767101207995,HEALTHY,False,0.0
2025-10-03,621.7187514422702,610.9476039790228,True,55.8912469866174,2.7824825804804822,4.789580514780832,6.8319767101207995,HEALTHY,False,0.0
2025-10-06,614.1681758971475,611.4748516187224,True,55.23680405549878,3.641566933781429,4.789580514780832,6.8319767101207995,HEALTHY,False,0.0
2025-10-07,608.897399679166,612.0613520677542,False,56.810945516071776,5.276708298318261,4.789580514780832,6.8319767101207995,ELEVATED,False,1.0
2025-10-08,610.4721622418607,612.7695244021194,False,62.95040556296022,2.1845624370284824,4.789580514780832,6.8319767101207995,HEALTHY,False,0.0
2025-10-09,602.7098434626182,613.257509191292,False,65.69990211570133,3.1504122786988646,4.789580514780832,6.8319767101207995,HEALTHY,False,0.0
2025-10-10,599.0713644060841,613.6552260418789,False,66.4555758494075,2.88301146882566,4.789580514780832,6.8319767101207995,HEALTHY,False,0.0
2025-10-13,604.0219169342852,614.1288736985933,False,68.01068640124163,2.436342563542914,4.789580514780832,6.8319767101207995,HEALTHY,False,0.0
2025-10-14,609.272633232465,614.7261603250153,False,71.2537354192736,4.207547830002227,4.789580514780832,6.8319767101207995,HEALTHY,False,0.0
2025-10-15,611.0154749341618,615.3941971624758,False,68.88390609396026,1.5553283831298814,4.789580514780832,6.8319767101207995,HEALTHY,False,0.0
2025-10-16,603.7705216384795,615.7723854139288,False,63.464982023756804,2.657205640273931,4.789580514780832,6.8319767101207995,HEALTHY,False,0.0
2025-10-17,596.4351334856494,616.1262038856099,False,60.21508967294862,4.029368371474995,4.789580514780832,6.8319767101207995,HEALTHY,False,0.0
2025-10-20,598.5114321440016,616.6824246942473,False,59.50012684992726,2.0520117591925535,4.789580514780832,6.8319767101207995,HEALTHY,False,0.0
2025-10-21,591.8772367572935,616.5519458767081,False,61.55968450427649,2.1157788637513737,4.789580514780832,6.8319767101207995,HEALTHY,False,0.0
2025-10-22,593.4050859993278,616.6583273865796,False,60.10545643046047,2.87720009231159,4.789580514780832,6.8319767101207995,HEALTHY,False,0.0
2025-10-23,597.8931407636126,616.7166765919582,False,60.77599982580346,2.9962347193548453,4.789580514780832,6.8319767101207995,HEALTHY,False,0.0
2025-10-24,593.6011971346883,616.3559179932749,False,64.37678606090111,5.20939507568872,4.789580514780832,6.8319767101207995,ELEVATED,False,1.0
2025-10-27,583.1084916329545,615.8978059363244,False,66.05037395691517,2.537607197041417,4.789580514780832,6.8319767101207995,HEALTHY,False,0.0
2025-10-28,585.7251752101508,615.2866413284592,False,68.79008858283095,3.157328033080593,4.789580514780832,6.8319767101207995,HEALTHY,False,0.0
2025-10-29,584.6619056996535,614.7869641009938,False,66.02684263982205,2.4241546953056576,4.789580514780832,6.8319767101207995,HEALTHY,False,0.0
2025-10-30,581.3022598948922,614.381737786428,False,64.74076989792451,2.7549628673534743,4.789580514780832,6.8319767101207995,HEALTHY,False,0.0
2025-10-31,581.5793265288996,614.273991061408,False,65.91860826742763,2.4527250791226622,4.789580514780832,6.8319767101207995,HEALTHY,False,0.0
2025-11-03,598.0084650445647,614.334343143017,False,65.98525681765436,4.355685145556045,4.789580514780832,6.8319767101207995,HEALTHY,False,0.0
2025-11-04,600.9282178877592,614.3599992291267,False,69.65364544901193,2.2458841041740656,4.789580514780832,6.8319767101207995,HEALTHY,False,0.0
2025-11-05,596.5824589918745,614.0253276514027,False,75.26216739297331,2.6912127574064764,4.789580514780832,6.8319767101207995,HEALTHY,False,0.0
2025-11-06,596.2004528330649,613.6906604304721,False,71.47240128386517,2.5700731005566193,4.789580514780832,6.8319767101207995,HEALTHY,False,0.0
2025-11-07,605.1054542075192,613.5507635874214,False,72.32511671382828,3.9403193848087374,4.789580514780832,6.8319767101207995,HEALTHY,False,0.0
2025-11-10,612.1971566413534,613.0893452280424,False,74.00907869636264,3.1455563698104885,4.789580514780832,6.8319767101207995,HEALTHY,False,0.0
2025-11-11,626.4657419190052,613.038415376665,True,71.26875332368735,3.2304212239239725,4.789580514780832,6.8319767101207995,HEALTHY,False,0.0
2025-11-12,633.8915467014743,613.0243416270796,True,69.55318576699086,2.7000457159982565,4.789580514780832,6.8319767101207995,HEALTHY,False,0.0
2025-11-13,627.3908020314743,612.8187249685415,True,70.77195225247543,2.44654449493583,4.789580514780832,6.8319767101207995,HEALTHY,False,0.0
2025-11-14,630.4368366258707,612.5902254843245,True,71.76238004567332,2.5556835615995652,4.789580514780832,6.8319767101207995,HEALTHY,False,0.0
2025-11-17,628.525617824315,612.2923863633963,True,72.97412689457131,3.6331976707987397,4.789580514780832,6.8319767101207995,HEALTHY,False,0.0
2025-11-18,635.3257768901606,612.2097188904442,True,71.26874183736192,2.4945991917756065,4.789580514780832,6.8319767101207995,HEALTHY,False,0.0
2025-11-19,642.2278946826107,612.1644781655881,True,71.32784725070427,3.2683833370853184,4.789580514780832,6.8319767101207995,HEALTHY,False,0.0
2025-11-20,642.399540025267,612.0669712123107,True,73.04996986077055,2.397579941877331,4.789580514780832,6.8319767101207995,HEALTHY,False,0.0
2025-11-21,639.8820967438403,612.151008881909,True,74.10016281873983,3.0465264542343222,4.789580514780832,6.8319767101207995,HEALTHY,False,0.0
2025-11-24,638.5954211956026,612.1331665606151,True,73.01482820167467,4.26863766113088,4.789580514780832,6.8319767101207995,HEALTHY,False,0.0
2025-11-25,642.0978257543956,612.1894942311861,True,72.10100027895632,3.5810067781787125,4.789580514780832,6.8319767101207995,HEALTHY,False,0.0
2025-11-26,643.7119139809306,612.4344599104065,True,70.98564462858535,3.2433643724779486,4.789580514780832,6.8319767101207995,HEALTHY,False,0.0
2025-11-27,643.9874667545637,612.7922975422786,True,73.49362694096033,2.455551387500084,4.789580514780832,6.8319767101207995,HEALTHY,False,0.0
2025-11-28,645.8040518914958,613.0820942821745,True,68.47855044745185,3.0471079146683393,4.789580514780832,6.8319767101207995,HEALTHY,False,0.0
2025-12-01,638.6122035961694,613.346333891939,True,72.40368186820541,3.5924834378561044,4.789580514780832,6.8319767101207995,HEALTHY,False,0.0
2025-12-02,639.4930810509491,613.7427696331927,True,80.69746005630506,4.754210989534743,4.789580514780832,6.8319767101207995,HEALTHY,False,0.0
2025-12-03,634.1566927484894,614.0620943368162,True,81.33281912409772,2.659740703435712,4.789580514780832,6.8319767101207995,HEALTHY,False,0.0
2025-12-04,637.7764341150787,614.5493093872931,True,88.95288491690184,3.038908645840616,4.789580514780832,6.8319767101207995,HEALTHY,False,0.0
2025-12-05,641.8069248026778,615.0480852695011,True,94.56142606476458,2.601911291558806,4.789580514780832,6.8319767101207995,HEALTHY,False,0.0
2025-12-08,641.195107378196,615.599223265515,True,97.45927513397918,3.285840097647294,4.789580514780832,6.8319767101207995,HEALTHY,False,0.0
2025-12-09,648.3530573469293,616.2476045466367,True,94.87589021443006,3.16134803487684,4.789580514780832,6.8319767101207995,HEALTHY,False,0.0
2025-12-10,652.2753046523767,617.020104412545,True,94.88884328313821,4.178073882751075,4.789580514780832,6.8319767101207995,HEALTHY,False,0.0
2025-12-11,662.0363502198247,617.9737704731499,True,93.0241023258111,2.8358715444020026,4.789580514780832,6.8319767101207995,HEALTHY,False,0.0
2025-12-12,660.4430013269174,618.7482554708429,True,96.9994020755553,2.8413002792320405,4.789580514780832,6.8319767101207995,HEALTHY,False,0.0
2025-12-15,657.3238638907342,619.6113692307147,True,102.87245209071423,2.5785104726569967,4.789580514780832,6.8319767101207995,HEALTHY,False,0.0
2025-12-16,660.8334080897146,620.6500893989255,True,102.08291105115711,2.694534689211943,4.789580514780832,6.8319767101207995,HEALTHY,False,0.0
2025-12-17,658.3765161765774,621.60817647762,True,94.62868082013915,3.3729234594797823,4.789580514780832,6.8319767101207995,HEALTHY,False,0.0
2025-12-18,663.4716124671139,622.8234118577097,True,94.23027022039552,3.096131958329659,4.789580514780832,6.8319767101207995,HEALTHY,False,0.0
2025-12-19,655.1689229880558,623.9453630293492,True,96.72660961593476,2.0805854576279765,4.789580514780832,6.8319767101207995,HEALTHY,False,0.0
2025-12-22,657.9369622093428,625.0236639348504,True,104.5908811963699,3.2647483863009916,4.789580514780832,6.8319767101207995,HEALTHY,False,0.0
2025-12-23,659.2352025706759,626.0229153216146,True,107.33044222248044,3.086047369442826,4.789580514780832,6.8319767101207995,HEALTHY,False,0.0
2025-12-24,666.1257341194137,627.1251205053196,True,103.25644243451377,2.6031511152085702,4.789580514780832,6.8319767101207995,HEALTHY,False,0.0
2025-12-25,658.794121165245,628.225592495855,True,107.70210036586077,2.970188143986663,4.789580514780832,6.8319767101207995,HEALTHY,False,0.0
2025-12-26,663.6917220815506,629.570724267773,True,115.30762085567473,2.510512367210793,4.789580514780832,6.8319767101207995,HEALTHY,False,0.0
2025-12-29,658.3235059496776,630.7669657438864,True,110.03619285563481,2.1202039589560298,4.789580514780832,6.8319767101207995,HEALTHY,False,0.0
2025-12-30,656.9643338338437,632.0687076854175,True,102.81350540983685,3.3641209064824986,4.789580514780832,6.8319767101207995,HEALTHY,False,0.0
2025-12-31,665.5125740258475,633.5108574459479,True,102.29447851072645,3.033530832397646,4.789580514780832,6.8319767101207995,HEALTHY,False,0.0
2026-01-01,667.6517749621428,634.9060301299185,True,96.76749680356524,2.0669421955089025,4.789580514780832,6.8319767101207995,HEALTHY,False,0.0
2026-01-02,666.9803953526272,636.3736140942773,True,95.05485163158909,1.8631070478426135,4.789580514780832,6.8319767101207995,HEALTHY,False,0.0
2026-01-05,664.6941477259276,638.0053272161367,True,85.61340734932384,2.4044467572016393,4.789580514780832,6.8319767101207995,HEALTHY,False,0.0
2026-01-06,665.7477211132438,639.6057781341987,True,90.79876008847602,2.61839397376272,4.789580514780832,6.8319767101207995,HEALTHY,False,0.0
2026-01-07,667.3836860535544,641.2602137412766,True,89.26135009813521,2.5038698586813624,4.789580514780832,6.8319767101207995,HEALTHY,False,0.0
2026-01-08,670.1085924470882,643.0363403923205,True,90.8599209718223,1.817246789927394,4.789580514780832,6.8319767101207995,HEALTHY,False,0.0
2026-01-09,664.2964970353137,644.6906838024488,True,91.94921939919533,2.976648433414485,4.789580514780832,6.8319767101207995,HEALTHY,False,0.0
2026-01-12,662.6388870282764,645.983292242123,True,96.42290658970435,2.2558634802395368,4.789580514780832,6.8319767101207995,HEALTHY,False,0.0
2026-01-13,650.8984321877339,646.9826965281226,True,95.76420060546201,3.7502504892043844,4.789580514780832,6.8319767101207995,HEALTHY,False,0.0
2026-01-14,653.8460313422306,648.1279679751296,True,92.98295688099559,2.306092318152125,4.789580514780832,6.8319767101207995,HEALTHY,False,0.0
2026-01-15,660.9608424845012,649.4231757681584,True,94.16389877557721,3.557717052963342,4.789580514780832,6.8319767101207995,HEALTHY,False,0.0
2026-01-16,669.4876138026823,650.7108189600617,True,91.59940713152548,3.0788192224220965,4.789580514780832,6.8319767101207995,HEALTHY,False,0.0
2026-01-19,671.5584633699315,651.8980450946333,True,90.66953444587827,3.0130548909190065,4.789580514780832,6.8319767101207995,HEALTHY,False,0.0
2026-01-20,671.1587136442613,652.7919045291384,True,88.35732785889432,2.9515711834931713,4.789580514780832,6.8319767101207995,HEALTHY,False,0.0
2026-01-21,672.4566647353707,653.5632068898162,True,91.85679748043829,2.4975369686134354,4.789580514780832,6.8319767101207995,HEALTHY,False,0.0
2026-01-22,677.225269172132,654.5598962326294,True,90.78152746552557,2.514920817376779,4.789580514780832,6.8319767101207995,HEALTHY,False,0.0
